{"cameraMode":{"drawMode":0,"name":"Shaded","section":"Shading Mode"},"sceneLighting":true,"audioPlay":false,"sceneViewState":{"showFog":true,"showMaterialUpdate":false,"showSkybox":true,"showFlares":true,"showImageEffects":true,"showParticleSystems":true},"in2DMode":false,"pivot":{"x":588.6561889648438,"y":258.5480651855469,"z":72.72681427001953},"rotation":{"x":0.03330325335264206,"y":-0.003002606565132737,"z":0.00010466067760717124,"w":0.9994582533836365},"size":729.7343139648438,"orthographic":false}